X,Y,PROFONDEUR
2495080.85,1113816.29,
2494178.91,1114365.84,162
2495001.3,1114603.15,95
2494802.48,1114157.47,130
2494638.91,1114069.02,150
2492205.19,1116359.89,112
2495722.4,1115658.81,132
2495097.92,1113793.93,
2495641.18,1115724.16,
2495109.3,1113747.89,
2495084.43,1113811.13,
2495546.34,1114516.99,150
2495547.42,1114525.34,150
2505272.07,1133794.53,180
2505275.98,1133800.35,180
2505281.91,1133796.35,180
2505277.88,1133790.62,180
2493651.74,1120531.2,228
2493645.74,1120525.98,228
2493657.33,1120525.01,228
2493649.61,1120518.08,228
2493657.1,1120513.42,228
2493663.03,1120518.71,228
2499268.29,1121978.23,98
2499270.12,1121978.99,98
2496492.8,1116690.93,170
2496496.1,1116685.92,170
2497848.21,1120825.84,120
2497853.08,1120821.79,120
2504120.94,1115569.53,140
2505848.86,1123325.02,90
2505874.48,1123316.56,130
2505867.05,1123329.15,130
2505868.72,1123319.82,130
2498976.39,1125157.65,200
2503404.33,1119803.23,150
2503399.06,1119801.47,150
2503393.7,1119791.66,150
2503399.96,1119792.78,150
2503403.45,1119797.61,150
2502980.42,1117105.17,200
2502971.42,1117106.17,200
2502967.42,1117098.17,200
2502964.42,1117090.17,200
2502993.42,1117105.17,200
2506038.07,1117632.62,110
2506040.46,1117624.93,110
2500093.26,1123873.83,140
2500099.29,1123878.69,140
2500105.37,1123883.6,140
2500109.16,1123878.92,140
2500103.08,1123874.06,140
2500097,1123869.2,140
2488761.44,1116544.54,
2494163.03,1119356.07,
2494157.47,1119350.2,
2494151.81,1119344.44,
2494146.05,1119338.68,
2494140.29,1119332.92,
2494134.63,1119327.16,
2494128.98,1119321.4,
2494123.52,1119315.95,
2494117.97,1119310.29,
2494112.11,1119304.43,
2500148.03,1123936.44,214
2500143.55,1123932.37,214
2500143.91,1123940.88,214
2500139.43,1123936.76,214
2500139.8,1123945.27,214
2500135.36,1123941.15,214
2500135.73,1123949.66,214
2500131.3,1123945.64,214
2500131.66,1123954,214
2500127.23,1123949.98,214
2500127.6,1123958.44,214
2500123.16,1123954.42,214
2500123.53,1123962.82,214
2500115.02,1123963.19,214
2500115.39,1123971.6,214
2504870,1121895.24,
2504874.38,1121891.13,
2500959.21,1126994.36,
2494106.65,1119310.19,
2494117.87,1119321.61,
2494123.32,1119327.06,
2498062.1,1116058.51,80
2497733.62,1120886.77,190
2497727.97,1120880.99,
2504171.43,1116148.35,140
2505738.55,1117799.58,48
2505734.63,1117797.73,48
2505738.92,1117795.4,48
2503400.11,1119806.71,150
2503395.08,1119808.94,150
2505842.57,1123326.21,90
2497521.41,1115620.16,220
2497527.23,1115614.67,220
2497533.05,1115609.19,220
2497538.87,1115603.7,220
2497544.69,1115598.21,220
2497550.51,1115592.72,220
2497556.34,1115587.23,220
2497562.16,1115581.75,220
2498555.66,1116121.3,160
2498562.53,1116120.43,160
2498556.61,1116128.26,160
2498563.81,1116129.87,160
2498557.48,1116135.26,160
2498564.64,1116136.87,160
2498558.31,1116142.13,160
2498565.51,1116143.78,160
2498553.38,1116150.45,160
2498561.12,1116160.59,160
2498568.86,1116170.08,160
2498561.87,1116170.95,160
2498562.82,1116178.03,160
2498569.73,1116177.12,160
2498570.56,1116183.99,160
2498563.73,1116184.82,160
2498571.51,1116190.9,160
2498565.47,1116198.81,160
2498572.34,1116197.9,160
2498573.21,1116204.86,160
2498566.34,1116205.68,160
2500119.09,1123958.8,214
2500119.41,1123967.21,214
2494112.21,1119315.95,
2494140.39,1119344.34,
2496752.05,1115325.3,
2502217.18,1113772.77,
2502212.84,1113766.33,
2493712.07,1120323.25,
2493718.09,1120328.38,
2493713.22,1120334.21,
2493708.27,1120340.23,
2493702.26,1120346.24,
2496800.46,1117421.89,
2496807.04,1117413.3,
2496813.77,1117404.36,
2504562.71,1120005.39,
2504569.35,1120012.65,
2504575.99,1120020.15,
2504582.51,1120027.53,
2503058.13,1116117.23,152
2503065.15,1116124.36,152
2503071.85,1116131.21,152
2503077.91,1116137.45,142
2506544.47,1125475.25,
2497382.47,1120471.64,90
2497387.67,1120474.72,90
2499819.45,1121180.14,130
2497893.65,1120797.58,176
2497377.4,1120468.7,90
2498229.77,1119640.01,145
2497587,1120410.71,140
2498225.56,1119644.28,145
2497899.52,1120793.18,176
2497845.07,1116107.4,
2497852.6,1116110.98,
2497859.22,1116114.49,
2497868.36,1116118.54,
2497870.99,1116112.35,
2497862.16,1116108.19,
2497855.19,1116104.43,
2497848.24,1116101.75,
2497851.63,1116095.23,
2497857.4,1116097.82,
2497864.27,1116101.25,
2497869.73,1116104.02,
2502987.42,1117101.17,200
2502985.42,1117118.17,200
2498214.24,1119962.31,160
2498221.3,1119968.18,160
2498229.04,1119975.4,160
2498236.18,1119982.64,160
2503938.87,1117403.68,140
2494869.17,1120774.71,120
2506253.04,1121032.68,160
2489381.77,1112608.13,190
2489377.5,1112610.87,190
2500261.6,1123074.27,185
2500258.62,1123067.93,185
2505190.41,1121792.8,200
2498867.83,1125244.76,162
2498871.84,1125240.18,162
2494972.07,1113621.65,120
2495093.82,1113799.22,
2495124.38,1113759.01,
2492206.93,1116355.49,112
2495067.09,1113806.1,
2492352.66,1114420.99,150
2494988.15,1113634.39,120
2495108.11,1113782.29,
2492341.72,1114422.18,150
2494833.25,1114159.56,140
2495108.64,1113776.34,
2494661.59,1114020.35,120
2495114.46,1113751.6,
2495597.52,1114915.96,
2495121.6,1113757.02,
2495003.3,1114598.15,95
2494832.29,1114157.14,140
2495554.81,1114469.21,150
2493616.88,1114302.73,32
2494997.65,1114593,95
2495592.9,1114918.71,
2492186.07,1115784.39,135
2495585,1114928.22,
2495635.91,1115721.28,
2494992.53,1113638.05,120
2494734.71,1114061.45,160
2495092.76,1113770.78,
2495096.2,1113766.02,
2495070.27,1113801.34,
2501267.59,1127019.86,
2501273.57,1127020.25,
2501273.31,1127024.24,
2505103.84,1124218.1,
2505124.36,1124211.56,
2504711,1123918.57,125
2504708.76,1123909.47,125
2498923.75,1116749.73,244
2498917.29,1116752.46,244
2498913.41,1116758.25,244
2498906.84,1116761.18,244
2498902.98,1116767,244
2498896.57,1116769.75,244
2498892.7,1116775.57,244
2497097.65,1115564.81,160
2497105.19,1115550.08,160
2507904.45,1128128.12,200
2507900.64,1128123.46,200
2507899.63,1128117.52,200
2507901.7,1128111.8,200
2507905.63,1128116.45,200
2507906.64,1128122.4,200
2508096.75,1128203.02,120
2508089.72,1128204.81,120
2498678.36,1115987.72,152
2504795.66,1121508.21,120
2504712.94,1121581.77,120
2504737.28,1121556.36,120
2504859.26,1121436.25,120
2493351.5,1113363.15,125
2493354.56,1113357.96,105
2493359.98,1113349.41,105
2493362.88,1113344.22,105
2508855.48,1123018.5,85
2508861.21,1123016.71,85
2508857.27,1123024.23,85
2503453.88,1117494.39,110
2503458.45,1117490.5,110
2504405.88,1120493.3,135
2494128.98,1119332.92,
2494134.74,1119338.68,
2494146.15,1119350.2,
2494151.81,1119355.97,
2494157.47,1119361.73,
2498049.96,1120087.98,150
2496757.23,1115328.32,
2502201.51,1113796.83,
2502214.54,1113793.1,
2502221.45,1113791.78,
2502228.28,1113790.31,
2502225.41,1113786.58,
2502221.73,1113779.84,
2502213.85,1113779.44,
2502209.5,1113773,
2502202.44,1113771.37,
2502205.62,1113779.83,
2502209.97,1113786.27,
2502190.87,1113783.24,
2502195.3,1113795.12,
2502184.2,1113773,
2502191.96,1113770.67,
2502204.84,1113765.32,
2502208.02,1113759.03,
2502204.69,1113753.36,
2502200.26,1113746.69,
2502192.42,1113749.72,
2502184.82,1113752.59,
2502190.72,1113757.32,
2502196.77,1113764.15,
2502218.35,1113786.27,
2502197.31,1113756.31,
2508948.93,1120567.19,
2508957.35,1120563.99,
2508945.07,1120553.23,
2508953.9,1120549.44,
2489119.32,1111376.84,54
2489121.33,1111367.49,54
2489128.93,1111368.21,54
2494539.73,1120071.15,
2494545.54,1120068.79,
2494551.09,1120066.43,
2494556.65,1120064.13,
2503681.57,1120498.13,
2505450.79,1134023.89,137
2505449.2,1134033.92,137
2489970.45,1115695,112
2505743.65,1124984.44,160
2505747.26,1124982.65,160
2505754.73,1124978.92,160
2505760.55,1124976.02,160
2505740.66,1124978.44,160
2505755.43,1124972.04,160
2505762.04,1124967.8,160
2494999.24,1118417.81,112
2494995.3,1118416.66,112
2500121.17,1126500.49,94
2500119.38,1126493.68,94
2505896.57,1123492.02,100
2505896,1123483.5,100
2505900.6,1123476.79,100
2498043.69,1120087.42,50
2489903.54,1116232.95,120
2498886.32,1116778.33,244
2498882.44,1116784.13,244
2498876.04,1116786.87,244
2498876.84,1116779.98,244
2488581.07,1117129.64,110
2488587.1,1117128.5,110
2488595.32,1117125.37,110
2488603.17,1117125.51,110
2504417.07,1121532.82,170
2487115.19,1113084.64,
2503666.92,1118191.12,133
2503672.3,1118185.29,133
2499067.37,1121484.2,150
2499083.59,1121478.75,150
2498056.84,1116748.53,150
2498067.1,1116753.92,150
2498073,1116757.08,150
2505862.61,1122574.25,160
2505868.36,1122573.68,160
2505865.43,1122578.76,160
2505868.3,1122583.45,160
2505871.26,1122578.39,160
2505874.12,1122583.04,160
2505871.18,1122588.13,160
2505877.02,1122587.77,160
2505874.08,1122592.82,160
2505879.93,1122592.44,160
2505885.09,1122590.41,160
2505876.97,1122597.49,160
2504426.17,1122019.27,120
2504431.05,1122009.63,120
2492182.64,1116682.19,170
2501672.7,1125632.08,135
2501668.32,1125627.52,135
2510008.26,1118825.04,90
2510011.37,1118819.33,90
2504076.36,1115612.02,160
2507815.43,1121649.09,190
2507819.27,1121656.13,190
2507808.61,1121653.27,190
2505844.34,1124064.11,120
2505842.88,1124060.17,120
2506851.37,1123976.3,135
2506856.53,1123975.86,135
2506097.72,1125451.65,116
2506088.71,1125454.87,116
2507822.68,1121541.93,120
2507828.24,1121539.86,120
2499713.51,1117769.46,125
2499714.36,1117759.38,125
2499714.77,1117754.31,125
2499715.19,1117749.22,125
2499715.49,1117744.13,125
2499713.93,1117764.41,125
2499718.18,1117772.43,125
2499718.59,1117767.37,125
2499718.98,1117762.31,125
2499719.39,1117757.22,125
2499719.8,1117752.09,125
2499720.17,1117747.05,125
2499720.58,1117742.01,125
2499725.69,1117739.73,125
2499725.29,1117744.88,125
2499724.87,1117749.89,125
2499724.39,1117754.97,125
2499724.06,1117759.96,125
2499723.63,1117765.14,125
2499723.22,1117770.2,125
2499728.27,1117768.16,125
2499728.68,1117763.1,125
2499729.1,1117758.04,125
2499729.51,1117752.98,125
2499729.93,1117747.92,125
2499730.38,1117742.84,125
2499730.76,1117737.79,125
2499732.99,1117771.04,125
2499733.35,1117766.02,125
2499733.73,1117760.95,125
2499734.17,1117755.91,125
2499734.6,1117750.84,125
2499735.05,1117745.79,125
2497290.31,1114386.43,150
2497284.84,1114394.82,150
2497279.37,1114403.19,150
2497273.89,1114411.57,150
2497265.51,1114406.1,150
2497257.14,1114400.62,150
2497251.66,1114409,150
2497260.04,1114414.47,150
2497268.42,1114419.95,150
2497276.79,1114425.42,150
2497285.17,1114430.9,150
2497293.55,1114436.37,150
2497301.92,1114441.84,150
2497307.4,1114433.47,150
2497299.02,1114427.99,150
2497290.64,1114422.52,150
2497282.27,1114417.04,150
2497287.74,1114408.67,150
2497293.22,1114400.29,150
2497298.69,1114391.9,150
2506079.65,1125457.95,116
2501944.12,1126891.47,200
2501944.11,1126883.46,200
2498580.65,1125280.45,155
2498578.23,1125274.96,155
2498572.33,1125273.86,155
2503818.56,1117996.3,137
2489259.76,1114149.27,116
2489264.49,1114153.43,116
2489269.45,1114157.78,116
2503305.92,1119878.15,210
2503300.88,1119881.29,210
2508964.5,1120550.2,
2508963.18,1120546.61,
2505073.56,1121386.93,135
2505079.4,1121386.68,135
2509091.7,1119363.68,210
2509088.58,1119358.55,210
2509085.47,1119353.42,210
2504676.85,1117253.65,110
2504682.91,1117253.54,110
2501168.84,1127190.4,
2501962.79,1126397.15,
2501964.14,1126405.04,
2501965.49,1126412.92,
2501895.5,1127944.35,
2493696.24,1120341.2,
2493701.11,1120335.36,
2493707.03,1120329.26,
2506169.83,1125861.15,160
2506175.57,1125862.87,160
2506181.34,1125864.63,160
2506160.03,1125852.02,160
2506165.81,1125853.7,160
2506171.59,1125855.33,160
2506177.32,1125857.05,160
2506183.06,1125858.68,160
2491253.03,1120133.34,200
2491264.24,1120144.63,200
2491239.85,1120109.17,200
2491239.85,1120119.47,200
2491242.22,1120129.15,200
2491174.31,1120093.12,200
2491166.66,1120105.04,200
2507093.54,1126846.29,150
2507092.94,1126837.77,150
2507086.46,1126831.94,150
2507079.49,1126826.9,150
2507071.45,1126823.48,150
2503356.39,1119632.16,200
2503362.39,1119639.16,200
2503361.39,1119627.16,200
2503366.39,1119634.16,200
2503373.39,1119644.16,200
2503372.39,1119626.16,200
2503376.39,1119633.16,200
2503382.39,1119642.16,200
2503381.39,1119648.16,200
2509496.81,1119106.56,180
2509502.01,1119109.54,180
2509507.22,1119112.82,180
2503896.64,1121262.03,220
2503895.47,1121255.25,220
2503894.24,1121248.47,220
2503893.04,1121241.69,220
2501378.7,1124071.37,150
2501373.56,1124074.46,150
2501368.42,1124077.56,150
2501365.33,1124072.42,150
2501370.47,1124069.33,150
2501375.61,1124066.23,150
2498328.2,1116233.37,160
2497304.73,1115018.25,200
2497303.38,1115024.21,200
2504645.71,1121485.4,152
2504640.92,1121479,152
2504612.08,1120921.15,170
2504611.58,1120921.18,170
2504856.08,1119922.13,100
2504860.16,1119917.6,100
2504981.41,1123528.25,119
2504976.73,1123524.22,125
2504969.13,1123510.48,65
2504966.44,1123505.33,59
2504968.19,1123499.66,113
2503515.25,1117721.31,150
2503471.65,1117264.03,100
2503466.93,1117260.33,100
2503462.21,1117256.63,100
2503457.49,1117252.92,100
2491832.64,1119132.41,230
2491827.12,1119126.69,230
2491821.4,1119120.88,230
2491828.74,1119113.92,230
2491834.46,1119119.73,230
2491839.98,1119125.45,230
2501073.85,1124713.39,130
2504086.47,1116356.73,200
2504082.1,1116352.62,200
2504077.73,1116348.52,200
2496792.65,1117342.65,160
2504092.88,1122276.84,80
2504094.66,1122283.24,80
2504639.28,1121128.86,150
2504638.33,1121139.71,150
2503983.75,1115937.32,95
2503990.62,1115933.23,95
2497778.48,1114829.03,180
2500002.04,1122726.22,135
2500015.02,1122719.89,135
2500026.34,1122723.98,135
2500033.87,1122726.97,135
2500012.76,1122742.39,135
2500040.74,1122742.87,135
2504625.2,1121121.94,140
2504620.96,1121126.26,140
2504614.95,1121121.26,140
2504623.3,1121404.92,160
2504621.91,1121390.22,90
2500279.08,1124932.2,110
2500277.62,1124927.02,110
2502021.38,1127773.26,180
2502016.75,1127765.43,180
2502012.3,1127757.9,180
2502010.17,1127765.08,180
2502015.27,1127773.26,180
2504831.63,1117483.95,200
2504835.78,1117477.11,200
2501265.83,1127023.76,
2503899.41,1118165.17,60
2504259.4,1123530.21,120
2506289.4,1119360.17,120
2495977.28,1119375.19,126
2502132.45,1116280.22,27
2503372.39,1119900.17,180
2498059.38,1111500.16,80
2505514.7,1117455.6,160
2506467.65,1124079.26,
2506461.81,1124083.47,
2503714.56,1120649.66,
2503709.22,1120656.88,
2503704.34,1120663.45,
2503698.92,1120669.78,
2503688.08,1120665.84,
2503694.22,1120676.3,
2503660.84,1117143.54,130
2503685.23,1117134.71,130
2505836.62,1121473.75,130
2505831.86,1121462.71,130
2505834.38,1121468.56,130
2504764.58,1121366.93,110
2504759.74,1121363.37,110
2504754.9,1121359.82,110
2504750.07,1121356.27,110
2504153.89,1117168.15,110
2508931.36,1119139.26,170
2508936.38,1119141.65,170
2508938.45,1119135.87,170
2508933.42,1119133.47,170
2499426.82,1113772.61,25
2499423.07,1113768.12,25
2499419.23,1113763.51,25
2497512.77,1115516.23,130
2497527.96,1114480.8,76
2497524.32,1114484.22,76
2497520.67,1114487.64,76
2499041.87,1115718.23,
2499042.03,1115710.17,
2504410.74,1120497.53,135
2501052.72,1126275.5,160
2501057.89,1126272.55,160
2501063.05,1126269.59,160
2504004.62,1120584.84,130
2504024,1120603.13,130
2504043.32,1120620.43,170
2503979.26,1120559.42,180
2503957.07,1120596.26,170
2504186.04,1121531.87,249
2504183.31,1121526.87,249
2504180.61,1121521.88,250
2504177.88,1121516.88,250
2504175.16,1121511.87,249
2504172.45,1121506.88,249
2504169.73,1121501.88,249
2504166.99,1121496.87,249
2504164.48,1121492.24,250
2504173.53,1121493.33,250
2504176.25,1121498.33,250
2504178.96,1121503.32,249
2504182.77,1121494.77,249
2504185.5,1121499.78,250
2504188.22,1121504.78,249
2504181.68,1121508.33,249
2504184.4,1121513.33,250
2504190.94,1121509.77,249
2504193.65,1121514.79,249
2504187.13,1121518.32,250
2504192.56,1121528.33,250
2504199.1,1121524.79,250
2504196.37,1121519.76,249
2504205.62,1121521.24,249
2504202.91,1121516.24,250
2504200.19,1121511.23,249
2504197.46,1121506.24,249
2504209.43,1121512.69,249
2504205.36,1121505.18,249
2504194.74,1121501.22,250
2504192.02,1121496.23,250
2504201.26,1121497.68,248
2504198.54,1121492.69,249
2504189.3,1121491.23,248
2504186.57,1121486.22,250
2504195.83,1121487.67,249
2504193.11,1121482.66,299
2504216.3,1121509.81,250
2504216.37,1121504.07,249
2504222.02,1121500.98,249
2504226.72,1121492.98,250
2504224.12,1121488.21,249
2504220.64,1121483.91,249
2504215.42,1121486.75,249
2504210.2,1121489.56,210
2504204.97,1121492.43,299
2504200.9,1121484.91,299
2504206.1,1121482.07,299
2504211.34,1121479.24,299
2504216.55,1121476.39,299
2504221.77,1121473.55,258
2504223.24,1121467.54,299
2504217.69,1121466.02,292
2504212.47,1121468.86,156
2504207.25,1121471.71,124
2504202.03,1121474.56,296
2504196.79,1121477.39,290
2504180.05,1121489.78,249
2504191.54,1121534.18,250
2504278.69,1134024.3,185
2504282.37,1134019.47,185
2504753.95,1120946.18,114
2504757.49,1120941.33,114
2504760.57,1120947.29,114
2496954.93,1115220.49,120
2496961.75,1115225.25,120
2507429.05,1127193.09,100
2507430.79,1127198.9,100
2507432.87,1127203.5,100
2489368.34,1112451.43,110
2489366.02,1112446.89,110
2508112.31,1120962.01,130
2504136.09,1133958.08,135
2503477.54,1134159.98,250
2503475.39,1134151.59,250
2503473.23,1134143.38,250
2503471.08,1134135.06,250
2503479.17,1134137.39,250
2503481.27,1134145.66,250
2503483.37,1134153.87,250
2503489.36,1134148.04,250
2503487.15,1134139.72,250
2496957.32,1115215.01,120
2496964.55,1115218.97,120
2502076.81,1126092.65,137
2502083.28,1126093.69,137
2500366.95,1122031.3,130
2495171.14,1119198.44,100
2495176.99,1119194.18,100
2503809.39,1115491.11,140
2503818.18,1115495.02,140
2506248,1119333.25,120
2506256.34,1119330.83,90
2506268.06,1119327.36,120
2506158.31,1125857.84,160
2506164.09,1125859.48,160
2489895.86,1116230.11,120
2498661.25,1121633.76,140
2498640.45,1121310.98,215
2498633.8,1121294.23,215
2498638.06,1121299.76,215
2498642.27,1121305.19,215
2498625.88,1121300.32,215
2498622.63,1121306.98,215
2505392.6,1118408.95,165
2505396.93,1118406.34,165
2505291.91,1121178.84,90
2505293.38,1121177.5,90
2496850.47,1115118.24,150
2496856.42,1115119.05,150
2489885.79,1116300.97,160
2499134.58,1119148.44,150
2499140.6,1119134.7,150
2499139.18,1119144.67,150
2499147.74,1119144.63,150
2499144.17,1119149.17,150
2499154.9,1119154.47,150
2499159.05,1119158.97,150
2499163.49,1119163.37,150
2499176.82,1119178.68,150
2499185.77,1119188.39,150
2499189.85,1119192.74,150
2499193.78,1119197.36,150
2499189.84,1119202.07,150
2499186.53,1119197.93,150
2499182.28,1119193.76,150
2499178.23,1119197.71,150
2499182.44,1119202.5,150
2499181.1,1119209.66,150
2499184.9,1119214.12,150
2499189.92,1119210.8,150
2499186.04,1119206.61,150
2499194.01,1119206.71,150
2499198.02,1119202.33,150
2499127.98,1119137.16,150
2499134.62,1119133.95,150
2505237.13,1122214.61,140
2505242.56,1122220.48,140
2503215.22,1119794.49,210
2503208.41,1119789.46,214
2503207.66,1119784.72,214
2503202.34,1119785.16,200
2503202.65,1119789.96,217
2503203.53,1119795.79,214
2503209.17,1119794.84,214
2503204.1,1119801.54,214
2503209.66,1119800.26,214
2503213.82,1119789.56,203
2505679.96,1122112.45,182
2499279.75,1119143.85,150
2499274.21,1119147.59,150
2499270.19,1119151.53,150
2499264.96,1119155.46,150
2499259.91,1119152.41,150
2499269.31,1119145.12,150
2499273.77,1119141.49,150
2499267.98,1119138.35,150
2499263.11,1119141.93,150
2499258.59,1119146.04,150
2499254.17,1119149.55,150
2499253.63,1119166.06,150
2499244.61,1119173.6,150
2499239.85,1119177.67,150
2499236.85,1119172.84,150
2499241.77,1119168.44,150
2499246.38,1119164.09,150
2499250.99,1119160.08,150
2499249.91,1119153.97,150
2499245.3,1119157.86,150
2499240.81,1119161.64,150
2499236.37,1119165.71,150
2499231.81,1119169.59,150
2504301.43,1120922.19,200
2504294.84,1120927,200
2500759.38,1123900.13,137
2504467.81,1123425.11,80
2505370.24,1116829.15,130
2505370.44,1116821.18,130
2505370.44,1116813.15,130
2497781.19,1116799.93,200
2497772.8,1116796.83,200
2497755.9,1116790.83,200
2497747.51,1116787.8,200
2497750.54,1116777.41,200
2497759.38,1116781.54,200
2497753.51,1116767.61,200
2497762.87,1116772.12,200
2497771.26,1116775.22,200
2497767.77,1116784.51,200
2497776.29,1116787.54,200
2497779.58,1116778.32,200
2497784.61,1116790.7,200
2497788.16,1116781.35,200
2497793.06,1116793.73,200
2497801.51,1116796.7,200
2497805.57,1116785.86,200
2506853.43,1122936.32,150
2503261.21,1115419.68,130
2503258.73,1115414.19,130
2504433.44,1117901.3,110
2500108.62,1118105.74,226
2500113.67,1118112.81,226
2500102.84,1118111.35,226
2500107.81,1118117.84,226
2500118.85,1118118.11,226
2500113.12,1118123.89,226
2503257.37,1118303.33,220
2503261.22,1118307.93,220
2503253.22,1118298.37,220
2503259.57,1118296.62,220
2503263.42,1118301.22,220
2499068.77,1125306.14,130
2499061.84,1125311.41,130
2500640.75,1123863.45,160
2504813.48,1121943.7,160
2504808.74,1121930.63,160
2504826.65,1121920.75,160
2504823.27,1121914.65,160
2504831.4,1121906.22,160
2505700.43,1124148.22,160
2504694.73,1121782.42,140
2504710.24,1121773.15,140
2490457.53,1118670.28,175
2490460.59,1118677.05,175
2504824.4,1122475.24,54
2508899.43,1119300.08,100
2503074.42,1115290.25,122
2504320.4,1117269.21,188
2506687.89,1126593.07,133
2501995.72,1126504.58,60
2502969.35,1130880.64,160
2497929.36,1126060.2,105
2499739.76,1122601.61,138
2508524.68,1122901.27,150
2504634.33,1121998.85,125
2501054.59,1127192.21,130
2503759.41,1118303.17,50
2493240.2,1113410.04,85
2493245.6,1113415.14,85
2504863.03,1124422.39,200
2504867.28,1124429.89,200
2504875.73,1124432.39,200
2503261.11,1120142.49,280
2503264.68,1120135.2,280
2503262.79,1120127.33,280
2499655.26,1126023.58,120
2495068.99,1119728.05,220
2495077.21,1119729.41,220
2495076.5,1119720.81,220
2495085.28,1119722.79,220
2495083.19,1119714.07,220
2495089.57,1119707.51,220
2495099.7,1119717.25,220
2495091.46,1119715.95,220
2495073.07,1119707.75,220
2495066.4,1119700.47,220
2495059.21,1119693.49,220
2495051.73,1119685.98,220
2495054.44,1119676.33,220
2495061.82,1119683.72,220
2495068.91,1119690.75,220
2495079.47,1119694.33,220
2505025.21,1124491.95,
2505033.27,1124491.81,
2505041.37,1124491.22,
2504715.74,1121344.1,140
2504713.13,1121347.62,140
2497042.51,1115576.32,160
2497059.94,1115585.4,160
2497071.59,1115591.41,160
2504313.4,1119566,140
2504307.81,1119560.6,140
2502227.66,1113725.39,15
2501178.29,1126495.3,130
2498263.46,1116756.91,137
2498261.09,1116750.97,137
2498258.68,1116744.21,90
2505594.95,1122766.44,165
2499889.84,1115739.23,
2499895.68,1115738.03,
2499888.05,1115730.93,
2499895.07,1115729.69,
2502683.61,1113040.23,
2502678.93,1113036.48,
2497718.27,1115178.12,160
2495805.32,1119451.56,
2495812.27,1119458.76,
2495819.23,1119465.95,
2495826.17,1119473.14,
2495833.12,1119480.33,
2495840.07,1119487.52,
2495847.02,1119494.71,
2495853.97,1119501.9,
2495860.92,1119509.09,
2495842.15,1119503.59,
2495849.1,1119510.78,
2495834.96,1119510.54,
2495841.91,1119517.73,
2495827.77,1119517.49,
2495834.72,1119524.68,
2495820.47,1119524.04,
2495827.43,1119531.24,
2495819.24,1119536.82,
2495813.65,1119528.54,
2495813.52,1119516.85,
2493265.99,1113401.36,180
2503595.27,1117380.89,135
2503594.21,1117375.59,135
2501200.62,1125716.47,136
2501206,1125712.06,136
2503028.6,1117175.3,173
2503034.42,1117174.32,173
2503040.31,1117173.27,173
2503046.2,1117172.28,173
2503052.16,1117171.37,173
2503057.98,1117170.39,173
2503063.87,1117169.41,173
2503069.84,1117168.43,173
2503066.19,1117163.66,173
2503065.21,1117157.7,173
2503063.52,1117151.88,173
2503062.4,1117146.06,173
2503061.42,1117140.24,173
2503055.53,1117141.15,173
2503049.64,1117142.2,173
2503043.75,1117143.25,173
2504676.71,1133760.95,145
2504875.08,1121634.32,105
2504878.49,1121638.13,105
2494735.24,1120149.26,
2500730.05,1122908.36,150
2500722.38,1122902.94,150
2501458.61,1126438.27,150
2504169.65,1115577.87,95
2504323.48,1117252.31,180
2505853.44,1117317.68,105
2493134.96,1113499.55,140
2502271.26,1113884.93,30
2502276.97,1113886.14,30
2502273.09,1113890.58,30
2502278.86,1113892.3,30
2502275.04,1113896.27,30
2502280.53,1113897.61,30
2506283.35,1125870.03,220
2499061.26,1121436.88,145
2505339.32,1116641.57,90
2505329.62,1116668.06,90
2502628.52,1116996.11,
2498672.81,1121659.45,
2499688.85,1122799.5,14
2505563.36,1124703.04,32
2505557.87,1124705.96,32
2508605.54,1122960.93,120
2508629.21,1122976.14,120
2508625,1122969.71,120
2508593.35,1122943.77,110
2488606.42,1117033.29,220
2503980.07,1120274.21,132
2503983.62,1120277.5,132
2503995.01,1120271.86,132
2503991.29,1120275.97,132
2503987.24,1120280.9,132
2497770.97,1125903.09,
2497773.51,1125906.1,
2509304.02,1121027.69,
2509309.02,1121025.69,
2506280.75,1125863.08,220
2503695.49,1118161.65,125
2503690.96,1118165.91,125
2503686.5,1118170.27,125
2503681.59,1118174.93,125
2509598.61,1121221.47,125
2509092.46,1119292.27,100
2509601.36,1121226.54,125
2505688.29,1117035.58,95
2505414.03,1116948.83,105
2505681.5,1117040.53,95
2507890.61,1127999.37,85
2505419.94,1116948.52,105
2507890.13,1127997.92,85
2504120.59,1121900.66,160
2504119.73,1121894.87,160
2504120.57,1121888.5,160
2504119.3,1121882.73,160
2504119.38,1121876.11,160
2504128.19,1121902.33,160
2504127.98,1121896.14,160
2504127.84,1121890.92,160
2504127.53,1121885.09,160
2504126.89,1121879.31,160
2504127.59,1121873.22,160
2502545.55,1118505.02,150
2502545.05,1118498,150
2502543.88,1118491.87,150
2498910.72,1125201.17,100
2505226.81,1120205.86,104
2505231.66,1120207.57,104
2505233.92,1120204.08,104
2505230.48,1120201.49,104
2496126.27,1119628.19,144
2496486.97,1116959.5,
2496491.3,1116956.66,
2490607.25,1114445.53,95
2490605.53,1114443.68,95
2508100.11,1117985.12,280
2508104.85,1118012.43,135
2508105.49,1117981.93,280
2508101.72,1117977.28,280
2508096.19,1117980.86,280
2498866.89,1125206.65,120
2508099.92,1118007.38,135
2496290.99,1115033.89,70
2496292.66,1115033.12,70
2505205.25,1116704.12,95
2505207.2,1116704.12,95
2503894.49,1115454.69,100
2504871.89,1121671.3,80
2504884.09,1121660.6,80
2504846.19,1121688.8,80
2504856.69,1121679.4,80
2505961.74,1125245.9,100
2505970.41,1125241.57,85
2489440.11,1115226.15,180
2503890.72,1115460.36,100
2503887.42,1115466.33,100
2503898.7,1115449.33,100
2504138.15,1121406.03,220
2504135.7,1121400.54,220
2504133.26,1121395.06,220
2504130.81,1121389.58,220
2504128.36,1121384.1,220
2504135.13,1121413.95,220
2504132.68,1121408.48,220
2504125.33,1121392.03,220
2504122.88,1121386.56,220
2504127.78,1121397.51,220
2504130.36,1121402.99,220
2504140.6,1121411.5,220
2504512.72,1117470.21,150
2495196.74,1120050.49,900
2495200.45,1120050.67,900
2495206.7,1120045.62,900
2495203.68,1120041.91,900
2495197.45,1120046.82,900
2495213.14,1120036.77,900
2495216.78,1120036.89,900
2495223.19,1120031.87,900
2495223.48,1120028.55,900
2495220.1,1120028.31,900
2495213.87,1120033.16,900
2504019.33,1121370.15,170
2503005.03,1117113.23,180
2505284.42,1116874.22,100
2502196.15,1113775.72,
2502177.14,1113755.54,
2502208.34,1113794.34,
2503677.11,1120489.18,
2505445.03,1134028.15,137
2505454.97,1134029.66,137
2489970.45,1115686.42,112
2498632.02,1121300.06,215
2498636.23,1121305.45,215
2505290.3,1121180.22,90
2489891.53,1116305.14,160
2499138.46,1119153.16,150
2499136.43,1119139.62,150
2499143.45,1119140.19,150
2499151.01,1119149.91,150
2499180.98,1119184.19,150
2499264.68,1119148.7,150
2499249.15,1119169.62,150
2504470.98,1123419.97,80
2504117.56,1117964.36,170
2504123.27,1117966.39,170
2497797.96,1116805.99,200
2497789.57,1116803.02,200
2497764.29,1116793.8,200
2497796.54,1116784.38,200
2504437.82,1117913.93,110
2504809.03,1121938.28,160
2504699.97,1121779.35,140
2504715.49,1121770.08,140
2504575.8,1121645.13,190
2505195.18,1121788.24,200
2495589.56,1114923.19,
2494976.86,1113625.46,120
2495083.37,1113784.01,
2495079.93,1113788.64,
2495539.31,1114515.13,150
2505862.1,1123322.67,130
2503393.46,1119801.76,150
2503395.56,1119796.56,150
2498067.26,1116062.8,80
2497509.77,1115631.13,220
2497515.59,1115625.65,220
2498554.25,1116157.45,160
2498567.08,1116155.87,160
2498564.64,1116191.77,160
2504457.86,1123040.83,141
2504453,1123034.48,146
2504448.13,1123028.12,137
2499233.63,1122392.71,190
2505211.35,1118719.62,150
2505214.2,1118714.66,150
2505220.41,1118704.26,150
2507181.49,1118319.5,240
2497379.64,1116191.59,160
2497374.11,1116189.26,160
2497368.59,1116186.92,160
2497363.06,1116184.59,160
2497357.53,1116182.25,160
2497358.56,1116175.96,160
2504492.64,1121015.99,140
2504488.04,1121019.96,140
2505502.74,1124585.39,120
2505509.83,1124588.06,120
2506782.56,1124773.11,152
2506790.74,1124767.35,152
2494751.86,1113745.35,350
2504877.45,1117886.11,160
2504874.12,1117881.12,160
2505787.7,1124073.2,130
2504585.09,1118738.82,200
2504579.99,1118743.91,200
2504589.33,1118745.82,200
2498554.54,1125303.06,152
2498548.97,1125299.38,152
2499780.15,1118504.34,165
2499787.61,1118501.72,165
2499782.81,1118511.89,165
2499785.46,1118519.43,165
2508161.02,1118072.11,180
2508164.04,1118076.12,180
2504015.57,1117462.6,150
2504011.75,1117467.22,150
2494476.61,1114749.57,185
2494469.14,1114758.27,185
2494472.28,1114754.41,185
2486740.44,1112000.62,100
2506082.01,1119715.04,172
2506070.8,1119696.78,172
2506075.13,1119683.74,172
2486740.74,1111993.43,100
2506078.4,1119699.29,172
2506080.12,1119707.12,172
2506074.4,1119713.04,172
2486734.53,1111999.61,100
2506069.24,1119688.99,172
2506076.83,1119691.4,172
2506072.5,1119704.76,172
2506076.39,1119720.76,172
2506083.75,1119722.91,172
2506078.05,1119728.56,172
2497774.45,1116670.4,200
2497768.93,1116678.2,200
2497757.17,1116669.28,200
2497762.14,1116661.62,200
2497767.75,1116655.22,200
2497779.64,1116663.66,200
2497783.92,1116679.52,200
2497796.14,1116680.32,200
2497804.25,1116687.87,200
2486494.08,1111741.78,280
2486500.28,1111747.69,280
2486506.44,1111753.53,280
2486512.75,1111759.25,280
2486519.19,1111764.73,280
2486525.67,1111770.25,280
2486518.19,1111772.4,280
2486524.07,1111778.6,280
2486532.15,1111775.8,280
2504611.47,1117094.51,
2504990.66,1121360.32,
2504985.36,1121355.6,
2499434.04,1129424.09,150
2499427.62,1129428.72,200
2488723.96,1116538.37,200
2488718.01,1116534.14,200
2499688.66,1118694.02,260
2506007.56,1125081.33,224
2506022.3,1125073.51,224
2501933,1127435,160
2501982,1127406,160
2496656,1121171,290
2510722.03,1121429.05,140
2500750.05,1123460.02,150
2502969,1119510,270
2497965.21,1120397.85,250
2497972.42,1120390.69,250
2497961.74,1120380.17,250
2497952.08,1120382.61,250
2504006.65,1117949.49,190
2504016.92,1117927.86,190
2504766.96,1118623.41,290
2499211.39,1122388.49,180
2499216.17,1122382.07,180
2499222.71,1122373.09,180
2497706.01,1125856,136
2504304,1120261,160
2504298.19,1120266.68,160
2504293.01,1120272.47,160
2491723.69,1112872.32,190
2491717.27,1112866.92,190
2491707.97,1112857.32,190
2491702.21,1112854.88,190
2491697.47,1112850.25,190
2491693.8,1112847.14,190
2497694,1125885.99,272
2499696.53,1118695.24,260
2499700.43,1118702.5,260
2505602.1,1122762.87,165
2505735.54,1123174.08,160
2505730.86,1123168.74,160
2509695,1121190,170
2509701,1121195,170
2509708,1121199,170
2504299.03,1123093.98,90
2499134.74,1121258.83,235
2492065.1,1120018.27,235
2492064.4,1120017.87,235
2505555.69,1116698.44,100
2505549.5,1116703.51,100
2499582.63,1122354.54,100
2499583.93,1122348.69,100
2505830.51,1117183.18,126
2505834.8,1117187.37,126
2504542.76,1121500.04,155
2504564.38,1121474.73,155
2504579.44,1121467.07,155
2492721.07,1115246.99,140
2492725.39,1115251.15,140
2503137.14,1116691.64,130
2503134.19,1116687.02,130
2503969.64,1117479.52,150
2503973.68,1117475.11,150
2501475.86,1126440.81,160
2501469.92,1126441.63,160
2500384.43,1124679.2,126
2500393.94,1124689.78,126
2500403.18,1124699.99,126
2500412.33,1124710.22,126
2503373.49,1119155.04,205
2503378.57,1119159.93,205
2503383.48,1119154.86,205
2503378.54,1119149.81,205
2506873.4,1123782.19,180
2506877.75,1123787.75,180
2506882.15,1123793.29,180
2503462.92,1116757.87,164
2503467.93,1116764.11,164
2488507.93,1112114.19,190
2488499.07,1112105.45,190
2494339.28,1120325.97,160
2494344.27,1120322.64,
2505691.96,1124131.25,90
2505698.03,1124126.89,90
2497506.43,1114973.61,120
2497510.28,1114968.75,120
2495715.35,1115300.31,140
2501191.07,1124367.07,250
2501198.02,1124362.11,250
2501205.03,1124357.15,250
2501184.59,1124359.46,250
2501193.19,1124354.9,250
2501200.4,1124350.13,250
2498597.94,1121192.97,
2498593.65,1121199.46,
2498604.62,1121197.37,
2498600.33,1121203.87,
2498595.92,1121210.54,
2498611.29,1121201.78,
2498607.01,1121208.27,
2498602.6,1121214.94,
2498598.2,1121221.62,
2498617.97,1121206.18,
2498613.68,1121212.68,
2498609.28,1121219.35,
2498604.87,1121226.02,
2498600.95,1121232.62,
2498624.65,1121210.59,
2498620.36,1121217.08,
2498615.96,1121223.76,
2498611.55,1121230.43,
2498607.15,1121237.1,
2498627.04,1121221.49,
2498622.63,1121228.16,
2498614.09,1121241.07,
2498609.42,1121248.18,
2498632.1,1121228.34,
2498624.9,1121239.24,
2498616.08,1121252.58,
2494171.75,1119945.1,
2494155.65,1120007.63,
2494177.81,1119950.57,
2494184.26,1120004,
2494195.45,1119985.33,
2494201.47,1119990.76,
2494207.53,1119996.24,
2494153.76,1120015.49,
2494169.23,1120010.2,
2494202,1119980.39,
2494221.68,1119986.84,
2494176.89,1120007.49,
2494185.95,1119996.05,
2494189.83,1119961.43,
2494209.17,1119976.27,
2494124.26,1120031.05,
2494195.84,1119966.91,
2494199.72,1119998.66,
2494214.7,1120000.36,
2494215.14,1119981.75,
2494152.07,1120023.68,
2494159.82,1120020.87,
2494192.01,1120001.48,
2494213.97,1119991.3,
2494145.81,1120028.96,
2494146.01,1120018.2,
2494163.17,1120004.72,
2494190.27,1120009.43,
2494221.2,1119995.03,
2494137.81,1120027.46,
2494161.62,1120013.06,
2494167.72,1120018.49,
2494183.77,1119956.05,
2494193.66,1119993.19,
2494198.02,1120006.81,
2494208.06,1119985.87,
2494132.4,1120033.39,
2494182.9,1120013.01,
2494201.9,1119972.29,
2494205.78,1120003.9,
2501314.07,1124572.1,
2501315.25,1124582.44,
2501321.61,1124590.53,
2501331.8,1124585.69,
2501341.68,1124581.02,
2501350.81,1124575.98,
2501356.73,1124567.04,
2501364.85,1124574.42,
2498094.79,1115457.33,
2498088.04,1115455.29,
2500754.62,1123423.17,
2500761.56,1123429.19,
2500768.48,1123435.22,
2500775.4,1123441.27,
2500782.34,1123447.27,
2506603.4,1118368.73,
2506614.16,1118363.38,
2506618.24,1118371.43,
2506607.45,1118376.75,
2506611.5,1118384.85,
2506622.25,1118379.49,
2506626.26,1118387.55,
2506615.55,1118392.87,
2506619.52,1118400.93,
2506630.27,1118395.57,
2506634.32,1118403.62,
2506623.56,1118409.02,
2506627.57,1118417.03,
2506638.76,1118412.59,
2506642.37,1118419.77,
2506631.58,1118425.09,
2506635.63,1118433.14,
2506646.38,1118427.78,
2506651.82,1118438.46,
2506641.5,1118444.77,
2506655.82,1118446.55,
2506665.19,1118438.49,
2506670.58,1118449.21,
2506678.68,1118445.2,
2506673.24,1118434.49,
2506681.34,1118430.48,
2506659.87,1118454.57,
2506653.09,1118468.02,
2506649.08,1118459.93,
2506645.07,1118451.87,
2506634.28,1118457.27,
2506638.32,1118465.25,
2506625.31,1118461.68,
2506686.7,1118441.23,
2506694.75,1118437.18,
2506689.4,1118426.39,
2506696.54,1118422.85,
2506705.55,1118418.33,
2506713.56,1118414.36,
2506719,1118425.07,
2506710.86,1118429.12,
2506701.94,1118433.61,
2506727.02,1118421.06,
2506721.62,1118410.35,
2506729.72,1118406.3,
2506735.11,1118417.05,
2497633,1120367,
2495005,1114760,200
2494988,1114746,200
2494993,1114751,200
2494999,1114755.5,200
2500663.98,1123121.02,250
2500660.58,1123115.03,250
2500654.08,1123118.83,250
2500670.47,1123117.72,250
2500657.18,1123124.53,250
2500666.68,1123111.92,250
2486992.48,1112179.73,200
2486987.03,1112173.02,
2486980.9,1112167.72,
2486974.28,1112161.23,
2486970.79,1112153.15,
2486976.48,1112147.07,
2486964.09,1112137.48,
2486958.59,1112143.28,
2486950.54,1112137.6,
2486944.46,1112131.91,
2486937.56,1112125.78,
2486931.07,1112121.02,
2503395.52,1116823.28,
2503402.91,1116819.87,
2503410.31,1116815.97,
2503417.71,1116812.37,
2504622.3,1117090.09,220
2504624.8,1117095.79,220
2504627.5,1117101.19,220
2504948.3,1124182.36,200
2504951.65,1124175.05,200
2504955.43,1124166.75,200
2504947.44,1124167.61,200
2504943.66,1124175.95,200
2504935.71,1124176.75,200
2504939.03,1124169.42,200
2504958.8,1124159.42,200
2504950.79,1124160.3,200
2504942.82,1124161.14,200
2504946.08,1124153.83,200
2504954.13,1124152.98,200
2504950.22,1124146.04,200
2503442.62,1119350.53,164
2503447.42,1119345.43,164
2503466.62,1119334.03,164
2503453.82,1119340.73,164
2503460.02,1119336.53,164
2506236.84,1124363.67,220
2506244.68,1124360.47,220
2506241.58,1124353.08,220
2506233.82,1124356.18,220
2506230.63,1124348.7,220
2506238.39,1124345.51,220
2506235.28,1124338.02,220
2506227.62,1124341.04,220
2506224.43,1124333.55,220
2506232.09,1124330.36,220
2506228.81,1124322.88,220
2506225.7,1124315.49,220
2506222.69,1124308.19,220
2506219.5,1124300.89,220
2506227.53,1124301.89,220
2506230.63,1124309.19,220
2506233.73,1124316.31,220
2501224.64,1126858.07,
2501220.3,1126850.98,
2500078.97,1126501.05,170
2505235.79,1118681.99,170
2498991.92,1119596.62,315
2498999.37,1119605.15,315
2499005.21,1119611.72,315
2499010.13,1119617.27,315
2499014.76,1119624.14,315
2499020.79,1119618.79,315
2499013.49,1119609.43,315
2498999.08,1119592.97,315
2498427.47,1115663.07,250
2498440.35,1115660.59,250
2498437.95,1115646.51,250
2498425.07,1115648.83,250
2498422.67,1115634.67,250
2498435.47,1115632.51,250
2498433.07,1115618.27,250
2498420.44,1115620.51,250
2507271.63,1122415.46,170
2507275.03,1122420.43,170
2507278.46,1122425.38,170
2507281.84,1122430.37,170
2507285.22,1122435.32,170
2507288.61,1122440.26,170
2499842.51,1122728.77,130
2499851.27,1122732.73,130
2499862.82,1122736.31,130
2506479.97,1118922.51,300
2506408.11,1119035.31,300
2504148.56,1115719.15,250
2499179.92,1119766.56,304
2499178.78,1119773.66,304
2503498.57,1115746.78,
2503495.54,1115739.46,
2503497.57,1115754.63,
2503505.23,1115751.32,
2503512.46,1115748.15,
2503519.83,1115744.84,
2503527.18,1115741.52,
2503534.69,1115738.12,
2503536.16,1115729.98,
2503528.73,1115732.82,
2507339.93,1127124.12,140
2507335.01,1127119.66,140
2507330,1127112.14,140
2493189.59,1113565.12,
2493195.27,1113570.22,
2493209.17,1113561.69,
2503536.4,1116595.38,180
2504291.71,1120894.77,250
2504298.52,1120900.73,250
2504304.94,1120906.48,250
2499234,1115804.04,200
2504496.53,1122128.68,175
2504500.18,1122133.44,175
2493277,1113455,120
2499156.85,1121352.93,120
2499161.41,1121359.75,120
2508107.29,1128131.86,150
2508103.05,1128118.63,150
2508105.04,1128125.51,150
2505122,1118609,137
2505125.61,1118605.47,137
2506884.67,1122354.4,232
2506889.12,1122357.61,232
2506893.78,1122360.97,232
2506898.24,1122364.17,232
2494029.96,1122220.56,120
2498185.19,1118867.58,3
2498186.09,1118860.28,3
2498194.93,1118862.92,3
2498201.81,1118867.1,3
2498204.35,1118874.51,3
2498211.33,1118878.27,3
2498208.21,1118867.47,3
2498205.83,1118860.07,3
2498198.95,1118856.1,3
2498192.12,1118851.97,3
2498218.07,1118882.36,3
2499704.36,1118709.66,260
2499700.93,1118717.66,260
2499701.73,1118725.84,260
2499708.96,1118721.5,260
2493659.18,1114536,
2493663.53,1114531.32,
2493668.97,1114527.41,
2498204.59,1119494.55,
2498199.69,1119499.51,
2505694.88,1124701.26,
2505687.54,1124704.74,
2505681.31,1124708.07,
2505673.08,1124712.55,
2505665.21,1124717.09,
2493903.77,1116995.58,
2493907.21,1116991.21,
2493892.39,1117011.06,
2493911.04,1116986.05,
2493900.19,1117000.87,
2493896.62,1117005.9,
2494407.66,1120598.05,
2494959.33,1114228.59,
2494955.43,1114234.21,
2505694.87,1122914.55,
2505685.47,1122912.17,
2505682.56,1122903.44,
2505692.88,1122906.75,
2503837.93,1116274.91,
2503843.66,1116282.89,
2503851.88,1116276.74,
2503846.11,1116268.76,
2503860.13,1116270.62,
2503854.39,1116262.68,
2503865.94,1116278.57,
2486661.87,1111935.93,
2486667.43,1111942.51,
2486672.99,1111949.02,
2504306.25,1134092.93,
2504299.24,1134097.03,
2504310.88,1134100.33,
2505369.03,1116884.08,313
2505353.41,1116884.66,313
2505334.77,1116881.45,313
2505325.77,1116868.4,313
2505351.67,1116866.4,313
2505367.74,1116866.01,313
2505324.31,1123891.13,
2498811.24,1125382.86,
2504162.92,1120657.82,
2504158.28,1120662.06,
2504171.12,1120648.82,
2504153.52,1120667.35,
2504166.89,1120653.45,
2495957.08,1114993.87,
2507216.68,1126826.18,150
2507221.47,1126832.61,150
2507226.26,1126839.03,150
2507231.05,1126845.45,150
2495136.01,1115458.97,
2495128.16,1115468.83,
2495139.66,1115454.38,
2495143.49,1115449.57,
2495131.82,1115464.23,
2506292.06,1119579.61,
2505840.88,1124043.34,
2505846.13,1124040.45,
2505851.37,1124037.46,
2509456.64,1121083.12,
2509461.33,1121096.29,
2509458.82,1121089.61,
2497518.05,1120026.98,
2497522.62,1120021.62,
2497527.26,1120016.29,
2497534.91,1120018.12,
2497530.34,1120023.49,
2497525.74,1120028.79,
2497521.06,1120034.19,
2497539.07,1120026.22,
2497534.5,1120031.59,
2497529.86,1120036.92,
2497541.04,1120032.57,
2497536.47,1120037.87,
2497543.36,1120039.08,
2497538.72,1120044.45,
2498703.46,1115907.1,
2498716.42,1115907.49,
2498726.44,1115907.86,
2504134.9,1116860.42,
2501496.14,1126423.51,
2502830,1117929,
2502823,1117795,
2494299.02,1114072.14,
2494316.95,1114047.88,
2505740.76,1117322.81,
2505743.14,1117315.39,
2497169.06,1118505.6,150
2497145.12,1118470.09,150
2506116.35,1124636.96,
2506124.53,1124635.1,
2506113.13,1124630.19,
2506120.64,1124627.42,
2506109.29,1124623.02,
2506116.97,1124619.52,
2506113.35,1124611.67,
2506105.17,1124615.29,
2491698.22,1112509.17,170
2498938.66,1125351.92,
2503077.66,1117836.58,
2503085.32,1117830.74,
2503095.52,1117823.6,
2503082.59,1117822.08,
2503075.35,1117827.96,
2503074.22,1117818.82,
2503089.4,1117816.7,
2503083.11,1117810.39,
2503124.13,1117710.14,300
2503114.68,1117714.63,300
2503108.36,1117717.68,300
2503102.09,1117720.68,300
2503127.79,1117701.52,300
2503121.47,1117704.52,300
2503115.16,1117707.53,300
2503108.89,1117710.58,300
2503102.48,1117713.63,300
2503096.21,1117716.59,300
2503089.85,1117719.64,300
2503083.58,1117722.64,300
2503128.35,1117694.38,300
2503121.95,1117697.47,300
2503115.64,1117700.43,300
2503109.32,1117703.48,300
2503102.96,1117706.53,300
2503096.78,1117709.49,300
2503096.47,1117711.1,300
2503090.42,1117712.54,300
2503084.06,1117715.54,300
2503077.79,1117718.59,300
2503102.4,1117697.08,300
2503095.79,1117689.52,300
2503143.25,1117685.36,300
2503136.96,1117688.33,300
2503140.27,1117679.01,300
2503133.99,1117682.02,300
2503127.7,1117685.03,300
2503121.42,1117688,300
2503115.04,1117691.01,300
2503108.75,1117694.05,300
2503136.53,1117671.2,300
2503130.94,1117675.73,300
2503124.66,1117678.68,300
2503118.41,1117681.68,300
2503112.03,1117684.69,300
2503105.71,1117687.74,300
2503133.62,1117665.05,300
2503127.97,1117669.41,300
2503121.68,1117672.39,300
2503115.37,1117675.4,300
2503109.02,1117678.44,300
2503112.39,1117669.05,300
2503106.04,1117672.09,300
2504355.72,1123013.03,280
2504353.55,1123005.06,280
2504351.16,1122997.66,280
2504348.7,1122988.95,280
2504343.13,1122984.97,280
2503671.51,1117684.77,120
2503666.31,1117680.08,120
2503664.26,1117669.23,120
2503662.92,1117661.91,120
2503666.19,1117655.75,120
2498068.37,1115440.3,240
2498071.01,1115433.03,240
2498063.07,1115455.78,240
2498065.85,1115448.11,240
2498269.05,1116400.21,
2498248.55,1116378.25,
2498274.88,1116405.51,
2498290.75,1116421.51,
2498253.57,1116384.21,
2498285.46,1116416.35,
2498258.47,1116389.5,
2498263.89,1116394.79,
2498280.3,1116411.19,
2504031.98,1121309.65,144
2504030.92,1121306.05,144
2504029.49,1121302.08,144
2504027.94,1121298.41,144
2502985,1117688,160
2506920.95,1118121.3,
2497701.99,1125905.98,
2504325.14,1121753.13,112
2504317.48,1121753.5,112
2504319.26,1121745.37,112
2504327.26,1121745.13,112
2504334.16,1121740.8,112
2504327.55,1121735.7,112
2505569.01,1117586.03,255
2505561.01,1117583.03,255
2501079.56,1124419.1,250
2504206.97,1117751.98,110
2499205,1120423,130
2500588.95,1119037.97,
2497151.41,1118467.37,150
2497148.04,1118476.47,150
2497154.33,1118473.76,150
2497160.54,1118471.04,150
2497163.53,1118477.36,150
2497157.32,1118480.08,150
2497151,1118482.82,150
2497160.27,1118486.46,150
2497153.92,1118489.21,150
2497156.9,1118495.53,150
2497163.22,1118492.77,150
2497166.25,1118499.14,150
2497159.88,1118501.89,150
2497162.87,1118508.3,150
2500970.21,1126391.61,190
2500971.79,1126384.78,190
2504819.03,1124192.98,120
2496250,1115238,150
2504140.21,1123347.54,200
2504146.56,1123345.56,200
2504465.56,1121554.37,220
2504473.02,1121550.56,220
2504475.03,1121558.71,220
2504481.97,1121554.74,220
2504478.95,1121565.64,220
2504485.93,1121561.73,220
2504489.9,1121568.66,220
2504482.86,1121572.63,220
2504486.88,1121579.56,220
2504493.87,1121575.59,220
2504497.84,1121582.58,220
2504490.85,1121586.55,220
2504494.82,1121593.48,220
2504501.81,1121589.51,220
2491330.12,1119342.01,200
2491329.23,1119350.01,200
2491326.56,1119297.35,200
2491331.85,1119326.06,200
2491333.61,1119316.05,200
2491330.97,1119334.02,200
2491338.74,1119336.06,200
2491322.91,1119290.19,200
2491333.89,1119298.5,200
2491319.43,1119283.02,200
2491330.23,1119304.54,200
2491336.1,1119310.55,200
2491340.72,1119317.1,200
2491336.91,1119346.41,200
2502056.28,1127082.21,
2502057.44,1127077.25,
2502058.1,1127072.33,
2498057,1111531.82,60
2498056.13,1111526.15,60
2498052.15,1111526.8,60
2498047.52,1111525.95,60
2503011.36,1117748.93,160
2503003.82,1117751.63,160
2502999.58,1117744.82,160
2503003.38,1117737.76,160
2502995.37,1117738.03,160
2502999.17,1117730.97,160
2502991.16,1117731.02,160
2502995.14,1117724.07,160
2502987.73,1117721.08,160
2502994.07,1117716.16,160
2502986.67,1117713.12,160
2502992.99,1117708.23,160
2502979.25,1117710.08,160
2502978.18,1117702.14,160
2502970.1,1117694.93,160
2502969.51,1117687.96,160
2502976.79,1117680.02,160
2502982.44,1117675.86,160
2502985.1,1117682.32,160
2502976.43,1117687.01,160
2502977.06,1117694.19,160
2502984.2,1117689.25,160
2502984.5,1117697.26,160
2502991.59,1117695.08,160
2502985.58,1117705.2,160
2505226.38,1123124.88,120
2505220.96,1123123.86,120
2503503.66,1116891.18,
2503504.58,1116883.18,
2503512.83,1116891.06,
2503513.72,1116882.83,
2503522.09,1116886.17,
2503520.96,1116877.45,
2503508.09,1116875.82,
2503515.1,1116870.16,
2504309.2,1123931.64,250
2504306.09,1123923.27,250
2496576.43,1117198.85,
2496583.99,1117194.5,
2496582.25,1117212.37,
2496589.82,1117208.08,
2496587.33,1117226.07,
2496594.58,1117221.95,
2503512.98,1116837.47,
2503515.71,1116844.17,
2503519.14,1116832.79,
2503521.49,1116839.77,
2503527.63,1116835.08,
2503525.28,1116828.09,
2503533.79,1116830.38,
2495019.19,1114458.53,
2494991.96,1114459.75,
2494999.63,1114448.17,
2495005.9,1114438.72,
2495018.3,1114446.93,
2495027.86,1114464.28,
2499606.59,1115488.95,
2499616.06,1115490.25,
2499624.36,1115491.5,
2499608.64,1115482.31,
2499621.92,1115484.2,
2499607.21,1115475.01,
2499617.85,1115476.69,
2499626.3,1115477.88,
2497699.34,1125847.01,135
2497705.05,1125853.53,135
2497710.14,1125859.35,135
2497714.96,1125864.86,135
2499215.86,1119812.6,304
2499221.15,1119807.8,304
2499225.6,1119800.35,304
2499216.31,1119802.4,304
2499211.16,1119807.35,304
2499206.38,1119802,304
2499211.56,1119797.08,304
2499229.1,1119793.42,304
2499220.94,1119795.12,304
2499216.27,1119789.9,304
2499224.43,1119788.2,304
2499219.76,1119782.98,304
2499211.59,1119784.68,304
2499202.47,1119786.91,304
2499201.59,1119796.65,304
2499215.09,1119777.76,304
2499210.42,1119772.54,304
2499206.93,1119779.46,304
2499196.82,1119791.31,304
2499192.03,1119785.95,304
2499197.5,1119781.36,304
2499187.32,1119780.69,304
2499192.75,1119776.03,304
2499202.26,1119774.24,304
2499205.39,1119767.36,304
2499186.12,1119773.49,304
2499198.32,1119765.98,304
2499191.22,1119766.21,304
2498224.95,1118886.19,3
2498228.88,1118879.15,3
2498221.91,1118875.31,3
2498215.16,1118871.31,3
2498219.06,1118864.23,3
2498225.71,1118868.3,3
2498232.79,1118872.17,3
2498230.74,1118855.43,3
2498223,1118857.25,3
2498216.02,1118853.45,3
2498212.08,1118860.39,3
2498209.97,1118853.22,3
2498238.53,1118863.23,3
2498245.36,1118859.12,3
2498226.92,1118848.46,3
2498207.16,1118842.29,3
2498199.33,1118837.74,3
2498196.18,1118845.1,3
2498203.43,1118830.81,3
2498207.5,1118823.93,3
2498211.28,1118817.5,3
2498214.64,1118811.86,3
2498217.95,1118806.31,3
2498213.94,1118846.33,3
2498202.99,1118849.18,3
2496270.7,1119604.55,
2496263.16,1119607.18,
2496255.62,1119609.8,
2496249.18,1119615.59,
2496252.99,1119602.26,
2496260.53,1119599.63,
2496268.07,1119597.01,
2496237.73,1119603.35,
2496235.1,1119595.81,
2496242.82,1119597.35,
2496250.36,1119594.72,
2496257.91,1119592.09,
2496265.45,1119589.47,
2496262.82,1119581.92,
2496260.2,1119574.38,
2496252.65,1119577.01,
2496255.28,1119584.55,
2496247.74,1119587.18,
2496240.2,1119589.8,
2496232.47,1119588.27,
2496237.57,1119582.26,
2496245.11,1119579.64,
2496229.85,1119580.72,
2496234.94,1119574.72,
2496224.78,1119569.81,
2496242.49,1119572.09,
2496250.03,1119569.47,
2496257.57,1119566.84,
2496254.94,1119559.3,
2496247.4,1119561.93,
2496239.86,1119564.55,
2496232.32,1119567.18,
2496222.15,1119562.26,
2496229.69,1119559.64,
2496237.23,1119557.01,
2496244.78,1119554.39,
2496252.32,1119551.76,
2496278.24,1119601.92,
2496285.78,1119599.3,
2496280.87,1119609.46,
2496283.49,1119617.01,
2496286.12,1119624.55,
2496291.04,1119614.38,
2496288.41,1119606.84,
2496275.61,1119594.35,
2496283.15,1119591.73,
2496272.99,1119586.84,
2496280.53,1119584.21,
2496270.36,1119579.3,
2496277.9,1119576.67,
2496267.74,1119571.76,
2496275.28,1119569.13,
2496265.11,1119564.22,
2496272.65,1119561.59,
2496262.48,1119556.67,
2496270.03,1119554.05,
2496259.86,1119549.13,
2496267.4,1119546.51,
2503923.9,1116046.63,150
2499563.81,1122556.6,190
2499563.75,1122550.33,190
2499563.7,1122544.07,190
2499563.65,1122537.82,190
2499567.04,1122556.58,
2493666.35,1114341.97,453.3
2503582.21,1120494.32,
2503590.43,1120494.54,
2503587.52,1120502.02,
2503595.45,1120500.78,
2503601.39,1120505.86,
2503602.7,1120504.18,
2503592.05,1120508.94,
2503597.1,1120512.29,
2499961.02,1122157.14,250
2499968.83,1122150.72,250
2499976.63,1122144.11,250
2499975.05,1122134.05,250
2499967.18,1122140.53,250
2499959.24,1122147.08,250
2499949.71,1122143.44,250
2499957.45,1122136.76,250
2499968.3,1122126.05,250
2503091.37,1119331.85,
2503100.59,1119357.27,
2503095.61,1119350.91,
2503090.73,1119344.68,
2503085.79,1119338.38,
2506493.79,1124514.21,
2506480.96,1124519.37,
2504669.32,1119119.11,
2504676.68,1119118.64,
